<?xml version="1.0" encoding="UTF-8" standalone="no"?>
<epp xmlns="urn:ietf:params:xml:ns:epp-1.0"
     xmlns:xsi="http://www.w3.org/2001/XMLSchema-instance"
     xsi:schemaLocation="urn:ietf:params:xml:ns:epp-1.0
     epp-1.0.xsd">
  <command>
    <check>
      <contact:check
       xmlns:contact="urn:ietf:params:xml:ns:contact-1.0"
       xsi:schemaLocation="urn:ietf:params:xml:ns:contact-1.0
       contact-1.0.xsd">
        <contact:id>sh8013</contact:id>
        <contact:id>sah8013</contact:id>
        <contact:id>8013sah</contact:id>
      </contact:check>
    </check>
    <clTRID>ABC-12345</clTRID>
  </command>
</epp>