<?xml version="1.0" encoding="UTF-8" standalone="no"?>
<epp xmlns="urn:ietf:params:xml:ns:epp-1.0"
     xmlns:xsi="http://www.w3.org/2001/XMLSchema-instance"
     xsi:schemaLocation="urn:ietf:params:xml:ns:epp-1.0 epp-1.0.xsd">
  <command>
    <info>
      <xriAU:info
       xmlns:xriAU="urn:ietf:params:xml:ns:xriAU-1.0"
       xsi:schemaLocation="urn:ietf:params:xml:ns:xriAU-1.0
       xriAU-1.0.xsd">
        <xriAU:authId>!!1003</xriAU:authId>
        <xriAU:authInfo>
          <xriAU:pw>2fooBAR</xriAU:pw>
        </xriAU:authInfo>
      </xriAU:info>
    </info>
    <clTRID>ABC-12345</clTRID>
  </command>
</epp>
