<?xml version="1.0" encoding="UTF-8" standalone="no"?>
<epp xmlns="urn:ietf:params:xml:ns:epp-1.0"
     xmlns:xsi="http://www.w3.org/2001/XMLSchema-instance"
     xsi:schemaLocation="urn:ietf:params:xml:ns:epp-1.0
     epp-1.0.xsd">
  <response>
    <result code="1000">
      <msg>Command completed successfully</msg>
    </result>
    <resData>
      <contact:creData
       xmlns:contact="urn:ietf:params:xml:ns:contact-1.0"
       xsi:schemaLocation="urn:ietf:params:xml:ns:contact-1.0
       contact-1.0.xsd">
        <contact:id>sh8013</contact:id>
        <contact:crDate>1999-04-03T22:00:00.0Z</contact:crDate>
      </contact:creData>
    </resData>
    <trID>
      <clTRID>ABC-12345</clTRID>
      <svTRID>54321-XYZ</svTRID>
    </trID>
  </response>
</epp>