<?xml version="1.0" encoding="UTF-8" standalone="no"?>
<epp xmlns="urn:ietf:params:xml:ns:epp-1.0"
     xmlns:xsi="http://www.w3.org/2001/XMLSchema-instance"
     xsi:schemaLocation="urn:ietf:params:xml:ns:epp-1.0
     epp-1.0.xsd">
  <response>
    <result code="1001">
      <msg>Command completed successfully; action pending</msg>
    </result>
    <resData>
      <contact:trnData
       xmlns:contact="urn:ietf:params:xml:ns:contact-1.0"
       xsi:schemaLocation="urn:ietf:params:xml:ns:contact-1.0
       contact-1.0.xsd">
        <contact:id>sh8013</contact:id>
        <contact:trStatus>pending</contact:trStatus>
        <contact:reID>ClientX</contact:reID>
        <contact:reDate>2000-06-08T22:00:00.0Z</contact:reDate>
        <contact:acID>ClientY</contact:acID>
        <contact:acDate>2000-06-13T22:00:00.0Z</contact:acDate>
      </contact:trnData>
    </resData>
    <trID>
      <clTRID>ABC-12345</clTRID>
      <svTRID>54322-XYZ</svTRID>
    </trID>
  </response>
</epp>