<?xml version="1.0" encoding="UTF-8" standalone="no"?>
<epp xmlns="urn:ietf:params:xml:ns:epp-1.0"
     xmlns:xsi="http://www.w3.org/2001/XMLSchema-instance"
     xsi:schemaLocation="urn:ietf:params:xml:ns:epp-1.0
     epp-1.0.xsd">
  <command>
    <create>
      <domain:create
       xmlns:domain="urn:ietf:params:xml:ns:domain-1.0"
       xsi:schemaLocation="urn:ietf:params:xml:ns:domain-1.0
       domain-1.0.xsd">
        <domain:name>example.com</domain:name>
        <domain:period unit="y">2</domain:period>
        <domain:ns>
          <domain:hostAttr>
            <domain:hostName>ns1.example.com</domain:hostName>
            <domain:hostAddr
             ip="v4">192.0.2.2</domain:hostAddr>
            <domain:hostAddr
             ip="v6">1080:0:0:0:8:800:200C:417A</domain:hostAddr>
          </domain:hostAttr>
          <domain:hostAttr>
            <domain:hostName>ns1.example.net</domain:hostName>
          </domain:hostAttr>
        </domain:ns>
        <domain:registrant>jd1234</domain:registrant>
        <domain:contact type="admin">sh8013</domain:contact>
        <domain:contact type="tech">sh8013</domain:contact>
        <domain:authInfo>
          <domain:pw>2fooBAR</domain:pw>
        </domain:authInfo>
      </domain:create>
    </create>
    <clTRID>ABC-12345</clTRID>
  </command>
</epp>