<?xml version="1.0" encoding="UTF-8" standalone="no"?>
<epp xmlns="urn:ietf:params:xml:ns:epp-1.0"
     xmlns:xsi="http://www.w3.org/2001/XMLSchema-instance"
     xsi:schemaLocation="urn:ietf:params:xml:ns:epp-1.0
     epp-1.0.xsd">
  <response>
    <result code="1301">
      <msg>Command completed successfully; ack to dequeue</msg>
    </result>
    <msgQ count="5" id="12345">
      <qDate>1999-04-04T22:01:00.0Z</qDate>
      <msg>Pending action completed successfully.</msg>
    </msgQ>
    <resData>
      <host:panData
       xmlns:host="urn:ietf:params:xml:ns:host-1.0"
       xsi:schemaLocation="urn:ietf:params:xml:ns:host-1.0
       host-1.0.xsd">
        <host:name paResult="1">ns1.example.com</host:name>
        <host:paTRID>
          <clTRID>ABC-12345</clTRID>
          <svTRID>54322-XYZ</svTRID>
        </host:paTRID>
        <host:paDate>1999-04-04T22:00:00.0Z</host:paDate>
      </host:panData>
    </resData>
    <trID>
      <clTRID>BCD-23456</clTRID>
      <svTRID>65432-WXY</svTRID>
    </trID>
  </response>
</epp>