<?xml version="1.0" encoding="UTF-8" standalone="no"?>
<epp xmlns="urn:ietf:params:xml:ns:epp-1.0"
     xmlns:xsi="http://www.w3.org/2001/XMLSchema-instance"
     xsi:schemaLocation="urn:ietf:params:xml:ns:epp-1.0 epp-1.0.xsd">
  <response>
    <result code="1000">
      <msg>Command completed successfully</msg>
    </result>
    <resData>
      <xriISV:chkData
       xmlns:xriISV="urn:ietf:params:xml:ns:xriISV-1.0"
       xsi:schemaLocation="urn:ietf:params:xml:ns:xriISV-1.0
       xriISV-1.0.xsd">
        <xriISV:cd>
          <xriISV:id avail="0">
            CONTACT-SERVICE-1</xriISV:id>
          <xriISV:reason>Reserved</xriISV:reason>
        </xriISV:cd>
        <xriISV:cd>
          <xriISV:id avail="1">
            SINGLE-SIGN-ON-SERVICE-2</xriISV:id>
        </xriISV:cd>
        <xriISV:cd>
          <xriISV:id avail="0">
            REPUTATION-SERVICE-3</xriISV:id>
          <xriISV:reason>Not authorized</xriISV:reason>
        </xriISV:cd>
        <xriISV:cd>
          <xriISV:id avail="0">
            EMAIL-SERVICE-4</xriISV:id>
        </xriISV:cd>
      </xriISV:chkData>
    </resData>
    <trID>
      <clTRID>ABC-12345</clTRID>
      <svTRID>54321-XYZ</svTRID>
    </trID>
  </response>
</epp>
