<?xml version="1.0" encoding="UTF-8" standalone="no"?>
<epp xmlns="urn:ietf:params:xml:ns:epp-1.0"
     xmlns:xsi="http://www.w3.org/2001/XMLSchema-instance"
     xsi:schemaLocation="urn:ietf:params:xml:ns:epp-1.0
     epp-1.0.xsd">
  <command>
    <update>
      <xriINA:update
       xmlns:xriINA="urn:ietf:params:xml:ns:xriINA-1.0"
       xsi:schemaLocation="urn:ietf:params:xml:ns:xriINA-1.0
       xriINA-1.0.xsd">
        <xriINA:iname>=John.Doe</xriINA:iname>
        <xriINA:add>
          <xriINA:status s="clientUpdateProhibited" lang="en">
          </xriINA:status>
        </xriINA:add>
        <xriINA:rem>
          <xriINA:status s="clientHold"/>
          <xriINA:status s="clientRenewProhibited"/>
        </xriINA:rem>
      </xriINA:update>
    </update>
    <clTRID>ABC-12345</clTRID>
  </command>
</epp>
