<?xml version="1.0" encoding="UTF-8" standalone="no"?>
<epp xmlns="urn:ietf:params:xml:ns:epp-1.0"
     xmlns:xsi="http://www.w3.org/2001/XMLSchema-instance"
     xsi:schemaLocation="urn:ietf:params:xml:ns:epp-1.0 epp-1.0.xsd">
  <response>
    <result code="1000">
      <msg>Command completed successfully</msg>
    </result>
    <resData>
      <xriISV:infData
       xmlns:xriISV="urn:ietf:params:xml:ns:xriISV-1.0"
       xsi:schemaLocation="urn:ietf:params:xml:ns:xriISV-1.0
       xriISV-1.0.xsd">
        <xriISV:id>SINGLE-SIGN-ON-SERVICE-1</xriISV:id>
        <xriISV:roid>ISV_1002-NEUSTAR</xriISV:roid>
        <xriISV:status s="clientDeleteProhibited"/>
        <xriISV:status s="clientUpdateProhibited"/>
        <xriISV:type>xri://$resolution*local/(+isso)*($v/1.0)</xriISV:type>
        <xriISV:uri>https://isso.2idi.com/=foo.bar</xriISV:uri>
        <xriISV:uri>http://isso.2idi.com/=foo.bar</xriISV:uri>
        <xriISV:authId>AUTHORITY</xriISV:authId>
        <xriISV:clID>ClientY</xriISV:clID>
        <xriISV:crID>ClientX</xriISV:crID>
        <xriISV:crDate>2005-05-03T22:00:00.0Z</xriISV:crDate>
        <xriISV:upID>ClientX</xriISV:upID>
        <xriISV:upDate>2005-05-05T09:00:00.0Z</xriISV:upDate>
        <xriISV:exDate>2006-05-03T22:00:00.0Z</xriISV:exDate>
        <xriISV:trDate>2005-05-04T09:00:00.0Z</xriISV:trDate>
      </xriISV:infData>
    </resData>
    <trID>
      <clTRID>ABC-12346</clTRID>
      <svTRID>54321-XYZ</svTRID>
    </trID>
  </response>
</epp>
