<?xml version="1.0" encoding="UTF-8" standalone="no"?>
<epp xmlns="urn:ietf:params:xml:ns:epp-1.0"
     xmlns:xsi="http://www.w3.org/2001/XMLSchema-instance"
     xsi:schemaLocation="urn:ietf:params:xml:ns:epp-1.0
     epp-1.0.xsd">
  <command>
    <update>
      <domain:update
       xmlns:domain="urn:ietf:params:xml:ns:domain-1.0"
       xsi:schemaLocation="urn:ietf:params:xml:ns:domain-1.0
       domain-1.0.xsd">
        <domain:name>example.com</domain:name>
      </domain:update>
    </update>
    <extension>
      <secDNS:update
       xmlns:secDNS="urn:ietf:params:xml:ns:secDNS-1.0"
       xsi:schemaLocation="urn:ietf:params:xml:ns:secDNS-1.0
       secDNS-1.0.xsd">
        <secDNS:rem>
          <secDNS:keyTag>12345</secDNS:keyTag>
          <secDNS:keyTag>54321</secDNS:keyTag>
        </secDNS:rem>
      </secDNS:update>
    </extension>
    <clTRID>ABC-12345</clTRID>
  </command>
</epp>
