<?xml version="1.0" encoding="UTF-8" standalone="no"?>
<epp xmlns="urn:ietf:params:xml:ns:epp-1.0"
     xmlns:xsi="http://www.w3.org/2001/XMLSchema-instance"
     xsi:schemaLocation="urn:ietf:params:xml:ns:epp-1.0
     epp-1.0.xsd">
  <response>
    <result code="1000">
      <msg>Command completed successfully</msg>
    </result>
    <resData>
      <host:infData
       xmlns:host="urn:ietf:params:xml:ns:host-1.0"
       xsi:schemaLocation="urn:ietf:params:xml:ns:host-1.0
       host-1.0.xsd">
        <host:name>ns1.example.com</host:name>
        <host:roid>NS1_EXAMPLE1-REP</host:roid>
        <host:status s="linked"/>
        <host:status s="clientUpdateProhibited"/>
        <host:addr ip="v4">192.0.2.2</host:addr>
        <host:addr ip="v4">192.0.2.29</host:addr>
        <host:addr ip="v6">1080:0:0:0:8:800:200C:417A</host:addr>
        <host:clID>ClientY</host:clID>
        <host:crID>ClientX</host:crID>
        <host:crDate>1999-04-03T22:00:00.0Z</host:crDate>
        <host:upID>ClientX</host:upID>
        <host:upDate>1999-12-03T09:00:00.0Z</host:upDate>
        <host:trDate>2000-04-08T09:00:00.0Z</host:trDate>
      </host:infData>
    </resData>
    <trID>
      <clTRID>ABC-12345</clTRID>
      <svTRID>54322-XYZ</svTRID>
    </trID>
  </response>
</epp>