<?xml version="1.0" encoding="UTF-8" standalone="no"?>
<epp xmlns="urn:ietf:params:xml:ns:epp-1.0"
     xmlns:xsi="http://www.w3.org/2001/XMLSchema-instance"
     xsi:schemaLocation="urn:ietf:params:xml:ns:epp-1.0
     epp-1.0.xsd">
  <command>
    <login>
      <clID>ClientX</clID>
      <pw>foo-BAR2</pw>
      <newPW>bar-FOO2</newPW>
      <options>
        <version>1.0</version>
        <lang>en</lang>
      </options>
      <svcs>
        <objURI>urn:ietf:params:xml:ns:obj1</objURI>
        <objURI>urn:ietf:params:xml:ns:obj2</objURI>
        <objURI>urn:ietf:params:xml:ns:obj3</objURI>
        <svcExtension>
          <extURI>http://custom/obj1ext-1.0</extURI>
        </svcExtension>
      </svcs>
    </login>
    <clTRID>ABC-12345</clTRID>
  </command>
</epp>