<?xml version="1.0" encoding="UTF-8" standalone="no"?>
<epp xmlns="urn:ietf:params:xml:ns:epp-1.0"
     xmlns:xsi="http://www.w3.org/2001/XMLSchema-instance"
     xsi:schemaLocation="urn:ietf:params:xml:ns:epp-1.0
     epp-1.0.xsd">
  <command>
    <transfer op="request">
      <xriINA:transfer
       xmlns:xriINA="urn:ietf:params:xml:ns:xriINA-1.0"
       xsi:schemaLocation="urn:ietf:params:xml:ns:xriINA-1.0
       xriINA-1.0.xsd">
        <xriINA:iname>*Foo.Bar</xriINA:iname>
        <xriINA:target>
          <xriINA:authId>NEW-AUTHORITY</xriINA:authId>
          <xriINA:authInfo>
            <xriINA:pw>F00Bar2</xriINA:pw>
          </xriINA:authInfo>
        </xriINA:target>
        <xriINA:period unit="y">2</xriINA:period>
        <xriINA:trToken>OneTimePass</xriINA:trToken>
      </xriINA:transfer>
    </transfer>
    <clTRID>ABC-12345</clTRID>
  </command>
</epp>
