<?xml version="1.0" encoding="UTF-8" standalone="no"?>
<epp xmlns="urn:ietf:params:xml:ns:epp-1.0"
     xmlns:xsi="http://www.w3.org/2001/XMLSchema-instance"
     xsi:schemaLocation="urn:ietf:params:xml:ns:epp-1.0
     epp-1.0.xsd">
  <command>
    <renew>
      <xriINU:renew
       xmlns:xriINU="urn:ietf:params:xml:ns:xriINU-1.0"
       xsi:schemaLocation="urn:ietf:params:xml:ns:xriINU-1.0
       xriINU-1.0.xsd">
        <xriINU:inumber>=!1002.2222.3333.4444</xriINU:inumber>
        <xriINU:curExpDate>2006-05-03</xriINU:curExpDate>
        <xriINU:period unit="y">5</xriINU:period>
      </xriINU:renew>
    </renew>
    <clTRID>ABC-12345</clTRID>
  </command>
</epp>
