<?xml version="1.0" encoding="UTF-8" standalone="no"?>
<epp xmlns="urn:ietf:params:xml:ns:epp-1.0"
     xmlns:xsi="http://www.w3.org/2001/XMLSchema-instance"
     xsi:schemaLocation="urn:ietf:params:xml:ns:epp-1.0 epp-1.0.xsd">
  <response>
    <result code="1000">
      <msg>Command completed successfully</msg>
    </result>
    <resData>
      <xriINU:chkData
       xmlns:xriINU="urn:ietf:params:xml:ns:xriINU-1.0"
       xsi:schemaLocation="urn:ietf:params:xml:ns:xriINU-1.0
       xriINU-1.0.xsd">
        <xriINU:cd>
          <xriINU:inumber avail="0">
            =!1001.2222.3333.4444</xriINU:inumber>
          <xriINU:reason>Reserved</xriINU:reason>
        </xriINU:cd>
        <xriINU:cd>
          <xriINU:inumber avail="1">
            =!1011.2222.3333.ABCD</xriINU:inumber>
        </xriINU:cd>
        <xriINU:cd>
          <xriINU:inumber avail="0">
            @!1111.1234.5678.ABCD</xriINU:inumber>
          <xriINU:reason>Not authorized</xriINU:reason>
        </xriINU:cd>
        <xriINU:cd>
          <xriINU:inumber avail="1">
            !!1023</xriINU:inumber>
        </xriINU:cd>
        <xriINU:cd>
          <xriINU:inumber avail="0">
            !!1045!1234</xriINU:inumber>
          <xriINU:reason>Not authorized</xriINU:reason>
        </xriINU:cd>
      </xriINU:chkData>
    </resData>
    <trID>
      <clTRID>ABC-12345</clTRID>
      <svTRID>54321-XYZ</svTRID>
    </trID>
  </response>
</epp>
