<?xml version="1.0" encoding="UTF-8" standalone="no"?>
<epp xmlns="urn:ietf:params:xml:ns:epp-1.0"
     xmlns:xsi="http://www.w3.org/2001/XMLSchema-instance"
     xsi:schemaLocation="urn:ietf:params:xml:ns:epp-1.0
     epp-1.0.xsd">
  <greeting>
    <svID>Example EPP server epp.example.com</svID>
    <svDate>2000-06-08T22:00:00.0Z</svDate>
    <svcMenu>
      <version>1.0</version>
      <lang>en</lang>
      <lang>fr</lang>
      <objURI>urn:ietf:params:xml:ns:obj1</objURI>
      <objURI>urn:ietf:params:xml:ns:obj2</objURI>
      <objURI>urn:ietf:params:xml:ns:obj3</objURI>
      <svcExtension>
        <extURI>http://custom/obj1ext-1.0</extURI>
      </svcExtension>
    </svcMenu>
    <dcp>
      <access><all/></access>
      <statement>
        <purpose><admin/><prov/></purpose>
        <recipient><ours/><public/></recipient>
        <retention><stated/></retention>
      </statement>
    </dcp>
  </greeting>
</epp>