<?xml version="1.0" encoding="UTF-8" standalone="no"?>
<epp xmlns="urn:ietf:params:xml:ns:epp-1.0"
     xmlns:xsi="http://www.w3.org/2001/XMLSchema-instance"
     xsi:schemaLocation="urn:ietf:params:xml:ns:epp-1.0
     epp-1.0.xsd">
  <command>
    <delete>
      <xriINA:delete
       xmlns:xriINA="urn:ietf:params:xml:ns:xriINA-1.0"
       xsi:schemaLocation="urn:ietf:params:xml:ns:xriINA-1.0
       xriINA-1.0.xsd">
        <xriINA:iname>*Foo.Bar</xriINA:iname>
      </xriINA:delete>
    </delete>
    <clTRID>ABC-12345</clTRID>
  </command>
</epp>
