<?xml version="1.0" encoding="UTF-8" standalone="no"?>
<epp xmlns="urn:ietf:params:xml:ns:epp-1.0"
     xmlns:xsi="http://www.w3.org/2001/XMLSchema-instance"
     xsi:schemaLocation="urn:ietf:params:xml:ns:epp-1.0
     epp-1.0.xsd">
  <response>
    <result code="1000">
      <msg>Command completed successfully</msg>
    </result>
    <resData>
      <xriINU:renData
       xmlns:xriINU="urn:ietf:params:xml:ns:xriINU-1.0"
       xsi:schemaLocation="urn:ietf:params:xml:ns:xriINU-1.0
       xriINU-1.0.xsd">
        <xriINU:inumber>=!1002.2222.3333.4444</xriINU:inumber>
        <xriINU:exDate>2011-05-03T22:00:00.0Z</xriINU:exDate>
      </xriINU:renData>
    </resData>
    <trID>
      <clTRID>ABC-12345</clTRID>
      <svTRID>54322-XYZ</svTRID>
    </trID>
  </response>
</epp>
