<?xml version="1.0" encoding="UTF-8" standalone="no"?>
<epp xmlns="urn:ietf:params:xml:ns:epp-1.0"
     xmlns:xsi="http://www.w3.org/2001/XMLSchema-instance"
     xsi:schemaLocation="urn:ietf:params:xml:ns:epp-1.0 epp-1.0.xsd">
  <response>
    <result code="1000">
      <msg>Command completed successfully</msg>
    </result>
    <resData>
      <xriINA:chkData
       xmlns:xriINA="urn:ietf:params:xml:ns:xriINA-1.0"
       xsi:schemaLocation="urn:ietf:params:xml:ns:xriINA-1.0
       xriINA-1.0.xsd">
        <xriINA:cd>
          <xriINA:iname avail="1">=John.Doe</xriINA:iname>
        </xriINA:cd>
        <xriINA:cd>
          <xriINA:iname avail="0">@Foo*Bar</xriINA:iname>
          <xriINA:reason>Not authorized</xriINA:reason>
        </xriINA:cd>
        <xriINA:cd>
          <xriINA:iname avail="0">=My.Name</xriINA:iname>
          <xriINA:reason>Reserved</xriINA:reason>
        </xriINA:cd>
        <xriINA:cd>
          <xriINA:iname avail="1">*Anyone</xriINA:iname>
        </xriINA:cd>
      </xriINA:chkData>
    </resData>
    <trID>
      <clTRID>ABC-12345</clTRID>
      <svTRID>54321-XYZ</svTRID>
    </trID>
  </response>
</epp>
