<?xml version="1.0" encoding="UTF-8" standalone="no"?>
<epp xmlns="urn:ietf:params:xml:ns:epp-1.0"
     xmlns:xsi="http://www.w3.org/2001/XMLSchema-instance"
     xsi:schemaLocation="urn:ietf:params:xml:ns:epp-1.0 epp-1.0.xsd">
  <command>
    <check>
      <xriISV:check
       xmlns:xriISV="urn:ietf:params:xml:ns:xriISV-1.0"
       xsi:schemaLocation="urn:ietf:params:xml:ns:xriISV-1.0
       xriISV-1.0.xsd">
        <xriISV:id>CONTACT-SERVICE-1</xriISV:id>
        <xriISV:id>SINGLE-SIGN-ON-SERVICE-2</xriISV:id>
        <xriISV:id>REPUTATION-SERVICE-3</xriISV:id>
        <xriISV:id>EMAIL-SERVICE-4</xriISV:id>
      </xriISV:check>
    </check>
    <clTRID>ABC-12345</clTRID>
  </command>
</epp>
