<?xml version="1.0" encoding="UTF-8" standalone="no"?>
<epp xmlns="urn:ietf:params:xml:ns:epp-1.0"
     xmlns:xsi="http://www.w3.org/2001/XMLSchema-instance"
     xsi:schemaLocation="urn:ietf:params:xml:ns:epp-1.0
     epp-1.0.xsd">
  <response>
    <result code="1000">
      <msg>Command completed successfully</msg>
    </result>
    <resData>
      <xriINU:creData
       xmlns:xriINU="urn:ietf:params:xml:ns:xriINU-1.0"
       xsi:schemaLocation="urn:ietf:params:xml:ns:xriINU-1.0
       xriINU-1.0.xsd">
        <xriINU:inumber>!!1234!5678</xriINU:inumber>
        <xriINU:crDate>2005-05-02T22:00:00.0Z</xriINU:crDate>
        <xriINU:exDate>2007-05-02T22:00:00.0Z</xriINU:exDate>
      </xriINU:creData>
    </resData>
    <trID>
      <clTRID>ABC-12345</clTRID>
      <svTRID>54321-XYZ</svTRID>
    </trID>
  </response>
</epp>
