<?xml version="1.0" encoding="UTF-8" standalone="no"?>
<epp xmlns="urn:ietf:params:xml:ns:epp-1.0"
     xmlns:xsi="http://www.w3.org/2001/XMLSchema-instance"
     xsi:schemaLocation="urn:ietf:params:xml:ns:epp-1.0
     epp-1.0.xsd">
  <response>
    <result code="1000">
      <msg>Command completed successfully</msg>
    </result>
    <resData>
      <domain:infData
       xmlns:domain="urn:ietf:params:xml:ns:domain-1.0"
       xsi:schemaLocation="urn:ietf:params:xml:ns:domain-1.0
       domain-1.0.xsd">
        <domain:name>example.com</domain:name>
        <domain:roid>EXAMPLE1-REP</domain:roid>
        <domain:status s="ok"/>
        <domain:registrant>jd1234</domain:registrant>
        <domain:contact type="admin">sh8013</domain:contact>
        <domain:contact type="tech">sh8013</domain:contact>
        <domain:ns>
          <domain:hostAttr>
            <domain:hostName>ns1.example.com</domain:hostName>
            <domain:hostAddr
             ip="v4">192.0.2.2</domain:hostAddr>
            <domain:hostAddr
             ip="v6">1080:0:0:0:8:800:200C:417A</domain:hostAddr>
          </domain:hostAttr>
          <domain:hostAttr>
            <domain:hostName>ns1.example.net</domain:hostName>
          </domain:hostAttr>
        </domain:ns>
        <domain:host>ns1.example.com</domain:host>
        <domain:host>ns2.example.com</domain:host>
        <domain:clID>ClientX</domain:clID>
        <domain:crID>ClientY</domain:crID>
        <domain:crDate>1999-04-03T22:00:00.0Z</domain:crDate>
        <domain:upID>ClientX</domain:upID>
        <domain:upDate>1999-12-03T09:00:00.0Z</domain:upDate>
        <domain:exDate>2005-04-03T22:00:00.0Z</domain:exDate>
        <domain:trDate>2000-04-08T09:00:00.0Z</domain:trDate>
        <domain:authInfo>
          <domain:pw>2fooBAR</domain:pw>
        </domain:authInfo>
      </domain:infData>
    </resData>
    <trID>
      <clTRID>ABC-12345</clTRID>
      <svTRID>54322-XYZ</svTRID>
    </trID>
  </response>
</epp>