<?xml version="1.0" encoding="UTF-8" standalone="no"?>
<epp xmlns="urn:ietf:params:xml:ns:epp-1.0"
     xmlns:xsi="http://www.w3.org/2001/XMLSchema-instance"
     xsi:schemaLocation="urn:ietf:params:xml:ns:epp-1.0
     epp-1.0.xsd">
  <response>
    <result code="1000">
      <msg>Command completed successfully</msg>
    </result>
    <resData>
      <xriISV:renData
       xmlns:xriISV="urn:ietf:params:xml:ns:xriISV-1.0"
       xsi:schemaLocation="urn:ietf:params:xml:ns:xriISV-1.0
       xriISV-1.0.xsd">
        <xriISV:id>SINGLE-SIGN-ON-SERVICE-1</xriISV:id>
        <xriISV:exDate>2011-05-03T22:00:00.0Z</xriISV:exDate>
      </xriISV:renData>
    </resData>
    <trID>
      <clTRID>ABC-12345</clTRID>
      <svTRID>54322-XYZ</svTRID>
    </trID>
  </response>
</epp>
