<?xml version="1.0" encoding="UTF-8" standalone="no"?>
<epp xmlns="urn:ietf:params:xml:ns:epp-1.0"
     xmlns:xsi="http://www.w3.org/2001/XMLSchema-instance"
     xsi:schemaLocation="urn:ietf:params:xml:ns:epp-1.0 epp-1.0.xsd">
  <response>
    <result code="1000">
      <msg>Command completed successfully</msg>
    </result>
    <resData>
      <xriAU:infData
       xmlns:xriAU="urn:ietf:params:xml:ns:xriAU-1.0"
       xsi:schemaLocation="urn:ietf:params:xml:ns:xriAU-1.0
       xriAU-1.0.xsd">
        <xriAU:authId>!!1003</xriAU:authId>
        <xriAU:roid>AU_1003-NEUSTAR</xriAU:roid>
        <xriAU:status s="clientDeleteProhibited"/>
        <xriAU:status s="clientUpdateProhibited"/>
        <xriAU:socialData>
          <xriAU:postalInfo>
            <xriAU:name>Foo Bar Network, INC.</xriAU:name>
            <xriAU:addr>
              <xriAU:street>123 Example Dr.</xriAU:street>
              <xriAU:street>Suite 100</xriAU:street>
              <xriAU:city>Dulles</xriAU:city>
              <xriAU:sp>VA</xriAU:sp>
              <xriAU:pc>20166-6503</xriAU:pc>
              <xriAU:cc>US</xriAU:cc>
            </xriAU:addr>
          </xriAU:postalInfo>
          <xriAU:voice x="1234">+1.5715555555</xriAU:voice>
          <xriAU:voice x="1235">+1.5715555555</xriAU:voice>
          <xriAU:fax>+1.5715555556</xriAU:fax>
          <xriAU:pager x="1234">+1.5715555557</xriAU:pager>
          <xriAU:email>info@example.biz</xriAU:email>
        </xriAU:socialData>
        <xriAU:sep>
          <xriAU:id>AUTHORITY</xriAU:id>
          <xriAU:priority>10</xriAU:priority>
          <xriAU:authority>
          urn:uuid:f0502a17-4503-4463-8516-f1225b330e4d</xriAU:authority>
          <xriAU:type>xri://$resolution*authority</xriAU:type>
          <xriAU:uri priority="15">http://xri.2idi.com/</xriAU:uri>
          <xriAU:uri priority="10">https://xri.2idi.com/</xriAU:uri>
        </xriAU:sep>
        <xriAU:sep>
          <xriAU:id>PIC-SERVICE</xriAU:id>
          <xriAU:priority>10</xriAU:priority>
          <xriAU:type>xri://$resolution*local</xriAU:type>
          <xriAU:uri priority="10">http://2idi.pictures.com/</xriAU:uri>
          <xriAU:uri priority="20">https://2idi.pictures.com/</xriAU:uri>
          <xriAU:mediaType>image/gif</xriAU:mediaType>
          <xriAU:mediaType>image/jpeg</xriAU:mediaType>
        </xriAU:sep>
        <xriAU:sep>
          <xriAU:id>MAIL-SERVICE</xriAU:id>
          <xriAU:priority>20</xriAU:priority>
          <xriAU:authority>xri://!!1002!1234</xriAU:authority>
          <xriAU:type>xri://$resolution*local</xriAU:type>
          <xriAU:type>xri://$resolution*local*generic</xriAU:type>
          <xriAU:uri priority="30">http://2idi.mail.com/</xriAU:uri>
          <xriAU:uri priority="10">https://2idi.mail.com/</xriAU:uri>
          <xriAU:mediaType>message/text</xriAU:mediaType>
        </xriAU:sep>
        <xriAU:inumber priority="10">!!1003</xriAU:inumber>
        <xriAU:inumber priority="15">!!1004</xriAU:inumber>
        <xriAU:clID>ClientY</xriAU:clID>
        <xriAU:crID>ClientX</xriAU:crID>
        <xriAU:crDate>2005-05-03T22:00:00.0Z</xriAU:crDate>
        <xriAU:upID>ClientX</xriAU:upID>
        <xriAU:upDate>2005-05-05T09:00:00.0Z</xriAU:upDate>
        <xriAU:authInfo>
          <xriAU:pw>2fooBAR</xriAU:pw>
        </xriAU:authInfo>
      </xriAU:infData>
    </resData>
    <trID>
      <clTRID>ABC-12346</clTRID>
      <svTRID>54321-XYZ</svTRID>
    </trID>
  </response>
</epp>
