<?xml version="1.0" encoding="UTF-8" standalone="no"?>
<epp xmlns="urn:ietf:params:xml:ns:epp-1.0"
     xmlns:xsi="http://www.w3.org/2001/XMLSchema-instance"
     xsi:schemaLocation="urn:ietf:params:xml:ns:epp-1.0 epp-1.0.xsd">
  <command>
    <info>
      <xriISV:info
       xmlns:xriISV="urn:ietf:params:xml:ns:xriISV-1.0"
       xsi:schemaLocation="urn:ietf:params:xml:ns:xriISV-1.0
       xriISV-1.0.xsd">
        <xriISV:id>SINGLE-SIGN-ON-SERVICE-1</xriISV:id>
      </xriISV:info>
    </info>
    <clTRID>ABC-12345</clTRID>
  </command>
</epp>
