<?xml version="1.0" encoding="UTF-8" standalone="no"?>
<epp xmlns="urn:ietf:params:xml:ns:epp-1.0"
     xmlns:xsi="http://www.w3.org/2001/XMLSchema-instance"
     xsi:schemaLocation="urn:ietf:params:xml:ns:epp-1.0 epp-1.0.xsd">
  <command>
    <check>
      <xriINU:check
       xmlns:xriINU="urn:ietf:params:xml:ns:xriINU-1.0"
       xsi:schemaLocation="urn:ietf:params:xml:ns:xriINU-1.0
       xriINU-1.0.xsd">
        <xriINU:inumber>=!1001.2222.3333.4444</xriINU:inumber>
        <xriINU:inumber>=!1011.2222.3333.ABCD</xriINU:inumber>
        <xriINU:inumber>@!1111.1234.5678.ABCD</xriINU:inumber>
        <xriINU:inumber>!!1023</xriINU:inumber>
        <xriINU:inumber>!!1045!1234</xriINU:inumber>
      </xriINU:check>
    </check>
    <clTRID>ABC-12345</clTRID>
  </command>
</epp>
